"ColName.11","ColName.12","ColName.13","ColName.14","ColName.15","ColName.16","ColName.21","ColName.21.1","ColName.22","ColName.23","ColName.24","ColName.25","ColName.31","ColName.32","ColName.33","ColName.34","ColName.35","ColName.36","ColName.37","ColName.38","ColName.41","ColName.42","ColName.43","ColName.44","ColName.45","ColName.4A","ColName.51","ColName.52","ColName.53","ColName.54","ColName.55"
"ColData 1.11","ColData 1.12","ColData 1.13","ColData 1.14","ColData 1.15","ColData 1.16a","ColData 1.21.1","ColData 1.21.2","ColData 1.22","ColData 1.23","ColData 1.24","ColData 1.25","ColData 1.31","ColData 1.32","ColData 1.33","","ColData 1.35","ColData 1.36","ColData 1.37","ColData 1.38","","","","","","","","","","",""
"ColData 2.11","ColData 2.12","ColData 2.13","ColData 2.14","ColData 2.15","ColData 2.16","ColData 2.21","","ColData 2.22","ColData 2.23","ColData 2.24","ColData 2.25","ColData 2.31","ColData 2.32","ColData 2.33","ColData 2.34","ColData 2.35","ColData 2.36","ColData 2.37","ColData 2.38","","","","","","","","","","",""
"ColData 3.11","ColData 3.12","ColData 3.13","ColData 3.14","ColData 3.15","ColData 3.16","ColData 3.21","","ColData 3.22","ColData 3.23","ColData 3.24","ColData 3.25","ColData 3.31.1","ColData 3.32.1","ColData 3.33.1","ColData 3.34.1","ColData 3.35.1","ColData 3.36.1","ColData 3.37.1","ColData 3.38.1","","","","","","","","","","",""
"ColData 4.11","ColData 4.12","ColData 4.13","ColData 4.14","ColData 4.15","ColData 4.16","ColData 4.21","","ColData 4.22","ColData 4.23","ColData 4.24","ColData 4.25","ColData 4.31","ColData 4.32","ColData 4.33","ColData 4.34","ColData 4.35","ColData 4.36","ColData 4.37","ColData 4.38","ColData 4.41.1","ColData 4.42.1","ColData 4.43.1","ColData 4.44.1","ColData 4.45.1","","","","","",""
