Date,Unemployment.Rate,Date.FX,AUDUSD,Date.Bulk,Bulk.USD
Feb-78,0.0641,28-Feb-78,1.1365,,
Mar-78,0.0636,31-Mar-78,1.1431,,
Apr-78,0.0631,30-Apr-78,1.1362,,
May-78,0.0628,31-May-78,1.1302,,
Jun-78,0.0627,30-Jun-78,1.1475,,
Jul-78,0.0627,31-Jul-78,1.1551,,
Aug-78,0.0629,31-Aug-78,1.1521,,
Sep-78,0.0631,30-Sep-78,1.1566,,
Oct-78,0.0631,31-Oct-78,1.1891,,
Nov-78,0.0631,30-Nov-78,1.1363,,
Dec-78,0.0632,31-Dec-78,1.1505,,
Jan-79,0.0633,31-Jan-79,1.1334,,
Feb-79,0.0634,28-Feb-79,1.1283,,
Mar-79,0.0633,31-Mar-79,1.1182,,
Apr-79,0.0631,30-Apr-79,1.1024,,
May-79,0.0628,31-May-79,1.1048,,
Jun-79,0.0625,30-Jun-79,1.1211,,
Jul-79,0.0623,31-Jul-79,1.1302,,
Aug-79,0.0621,31-Aug-79,1.1284,,
Sep-79,0.062,30-Sep-79,1.1298,,
Oct-79,0.0618,31-Oct-79,1.0974,,
Nov-79,0.0615,30-Nov-79,1.0942,,
Dec-79,0.061,31-Dec-79,1.1055,,
Jan-80,0.0606,31-Jan-80,1.1069,,
Feb-80,0.0605,29-Feb-80,1.0987,,
Mar-80,0.0607,31-Mar-80,1.0831,,
Apr-80,0.0611,30-Apr-80,1.1145,,
May-80,0.0615,31-May-80,1.1426,,
Jun-80,0.0618,30-Jun-80,1.1576,,
Jul-80,0.0617,31-Jul-80,1.1525,,
Aug-80,0.0615,31-Aug-80,1.1656,,
Sep-80,0.061,30-Sep-80,1.169,,
Oct-80,0.0604,31-Oct-80,1.1726,,
Nov-80,0.0598,30-Nov-80,1.1643,,
Dec-80,0.0591,31-Dec-80,1.1807,,
Jan-81,0.0583,31-Jan-81,1.1707,,
Feb-81,0.0573,28-Feb-81,1.1566,,
Mar-81,0.0565,31-Mar-81,1.1684,,
Apr-81,0.0559,30-Apr-81,1.1505,,
May-81,0.0557,31-May-81,1.1385,,
Jun-81,0.056,30-Jun-81,1.148,,
Jul-81,0.0567,31-Jul-81,1.1356,,
Aug-81,0.0574,31-Aug-81,1.1508,,
Sep-81,0.0582,30-Sep-81,1.1414,,
Oct-81,0.0589,31-Oct-81,1.135,,
Nov-81,0.0595,30-Nov-81,1.1514,,
Dec-81,0.0601,31-Dec-81,1.1279,,
Jan-82,0.0609,31-Jan-82,1.0994,,
Feb-82,0.0619,28-Feb-82,1.074,,
Mar-82,0.0629,31-Mar-82,1.0503,,
Apr-82,0.064,30-Apr-82,1.0608,,
May-82,0.0651,31-May-82,1.0482,,
Jun-82,0.0666,30-Jun-82,1.0223,,
Jul-82,0.0688,31-Jul-82,0.9958,Jul-82,68.3
Aug-82,0.0721,31-Aug-82,0.9643,Aug-82,66.5
Sep-82,0.0764,30-Sep-82,0.9493,Sep-82,66.7
Oct-82,0.0813,31-Oct-82,0.9367,Oct-82,66.8
Nov-82,0.0862,30-Nov-82,0.9548,Nov-82,67.7
Dec-82,0.0907,31-Dec-82,0.9806,Dec-82,67.9
Jan-83,0.0944,31-Jan-83,0.9718,Jan-83,68.8
Feb-83,0.0973,28-Feb-83,0.9606,Feb-83,67.9
Mar-83,0.0994,31-Mar-83,0.8629,Mar-83,63.8
Apr-83,0.101,30-Apr-83,0.868,Apr-83,61.2
May-83,0.1024,31-May-83,0.882,May-83,59.8
Jun-83,0.1032,30-Jun-83,0.8745,Jun-83,59.0
Jul-83,0.1034,31-Jul-83,0.881,Jul-83,57.8
Aug-83,0.1027,31-Aug-83,0.8785,Aug-83,59.1
Sep-83,0.1013,30-Sep-83,0.8965,Sep-83,57.8
Oct-83,0.0995,31-Oct-83,0.916,Oct-83,59.1
Nov-83,0.0976,30-Nov-83,0.9128,Nov-83,59.1
Dec-83,0.0958,31-Dec-83,0.902,Dec-83,58.5
Jan-84,0.0944,31-Jan-84,0.9178,Jan-84,59.0
Feb-84,0.0934,29-Feb-84,0.9429,Feb-84,58.6
Mar-84,0.0926,31-Mar-84,0.935,Mar-84,59.4
Apr-84,0.0918,30-Apr-84,0.9201,Apr-84,55.0
May-84,0.0908,31-May-84,0.8992,May-84,56.0
Jun-84,0.0899,30-Jun-84,0.8613,Jun-84,55.8
Jul-84,0.0889,31-Jul-84,0.83,Jul-84,54.3
Aug-84,0.0881,31-Aug-84,0.8488,Aug-84,55.6
Sep-84,0.0874,30-Sep-84,0.833,Sep-84,54.0
Oct-84,0.0867,31-Oct-84,0.8487,Oct-84,53.9
Nov-84,0.0861,30-Nov-84,0.8596,Nov-84,56.0
Dec-84,0.0855,31-Dec-84,0.8278,Dec-84,54.0
Jan-85,0.0852,31-Jan-85,0.815,Jan-85,53.5
Feb-85,0.085,28-Feb-85,0.7138,Feb-85,50.9
Mar-85,0.0849,31-Mar-85,0.7051,Mar-85,50.9
Apr-85,0.0847,30-Apr-85,0.6523,Apr-85,49.6
May-85,0.0844,31-May-85,0.658,May-85,51.6
Jun-85,0.0837,30-Jun-85,0.6655,Jun-85,50.2
Jul-85,0.0828,31-Jul-85,0.7271,Jul-85,52.5
Aug-85,0.0816,31-Aug-85,0.7034,Aug-85,51.9
Sep-85,0.0803,30-Sep-85,0.7077,Sep-85,52.2
Oct-85,0.0793,31-Oct-85,0.7002,Oct-85,52.0
Nov-85,0.0786,30-Nov-85,0.685,Nov-85,51.2
Dec-85,0.0784,31-Dec-85,0.6809,Dec-85,51.4
Jan-86,0.0786,31-Jan-86,0.7155,Jan-86,53.1
Feb-86,0.0787,28-Feb-86,0.7012,Feb-86,52.4
Mar-86,0.0789,31-Mar-86,0.7119,Mar-86,52.1
Apr-86,0.0782,30-Apr-86,0.7391,Apr-86,51.2
May-86,0.0786,31-May-86,0.7166,May-86,50.0
Jun-86,0.0793,30-Jun-86,0.6772,Jun-86,50.3
Jul-86,0.0803,31-Jul-86,0.598,Jul-86,48.5
Aug-86,0.0815,31-Aug-86,0.6085,Aug-86,49.1
Sep-86,0.0825,30-Sep-86,0.6274,Sep-86,49.4
Oct-86,0.083,31-Oct-86,0.642,Oct-86,48.4
Nov-86,0.0831,30-Nov-86,0.6488,Nov-86,48.6
Dec-86,0.083,31-Dec-86,0.6648,Dec-86,48.7
Jan-87,0.0829,31-Jan-87,0.6608,Jan-87,47.9
Feb-87,0.0828,28-Feb-87,0.6748,Feb-87,49.2
Mar-87,0.0827,31-Mar-87,0.7053,Mar-87,49.1
Apr-87,0.0824,30-Apr-87,0.7048,Apr-87,47.1
May-87,0.0819,31-May-87,0.7137,May-87,46.0
Jun-87,0.0813,30-Jun-87,0.7203,Jun-87,45.8
Jul-87,0.0806,31-Jul-87,0.6978,Jul-87,44.8
Aug-87,0.0801,31-Aug-87,0.7124,Aug-87,45.0
Sep-87,0.0797,30-Sep-87,0.7194,Sep-87,44.8
Oct-87,0.079,31-Oct-87,0.6757,Oct-87,44.0
Nov-87,0.0782,30-Nov-87,0.7052,Nov-87,43.8
Dec-87,0.0772,31-Dec-87,0.7225,Dec-87,44.9
Jan-88,0.0766,31-Jan-88,0.7138,Jan-88,43.8
Feb-88,0.0762,29-Feb-88,0.7198,Feb-88,44.4
Mar-88,0.0759,31-Mar-88,0.7388,Mar-88,43.9
Apr-88,0.0754,30-Apr-88,0.7585,Apr-88,44.5
May-88,0.0746,31-May-88,0.8051,May-88,45.6
Jun-88,0.0733,30-Jun-88,0.794,Jun-88,46.4
Jul-88,0.0716,31-Jul-88,0.8045,Jul-88,46.9
Aug-88,0.0699,31-Aug-88,0.8069,Aug-88,47.6
Sep-88,0.0687,30-Sep-88,0.7829,Sep-88,48.3
Oct-88,0.0681,31-Oct-88,0.8256,Oct-88,47.9
Nov-88,0.0678,30-Nov-88,0.8781,Nov-88,48.3
Dec-88,0.0673,31-Dec-88,0.8555,Dec-88,48.7
Jan-89,0.0666,31-Jan-89,0.889,Jan-89,48.8
Feb-89,0.0656,28-Feb-89,0.7996,Feb-89,48.9
Mar-89,0.0643,31-Mar-89,0.8194,Mar-89,48.5
Apr-89,0.063,30-Apr-89,0.7928,Apr-89,50.4
May-89,0.0618,31-May-89,0.7484,May-89,52.1
Jun-89,0.0609,30-Jun-89,0.7553,Jun-89,52.4
Jul-89,0.0603,31-Jul-89,0.7524,Jul-89,53.1
Aug-89,0.0596,31-Aug-89,0.7656,Aug-89,53.5
Sep-89,0.0592,30-Sep-89,0.7764,Sep-89,53.5
Oct-89,0.0589,31-Oct-89,0.7831,Oct-89,53.8
Nov-89,0.0591,30-Nov-89,0.7815,Nov-89,53.9
Dec-89,0.0597,31-Dec-89,0.7927,Dec-89,53.5
Jan-90,0.0604,31-Jan-90,0.7708,Jan-90,54.0
Feb-90,0.0614,28-Feb-90,0.7594,Feb-90,53.8
Mar-90,0.0625,31-Mar-90,0.7542,Mar-90,54.1
Apr-90,0.0637,30-Apr-90,0.7509,Apr-90,56.4
May-90,0.0652,31-May-90,0.7691,May-90,56.8
Jun-90,0.0671,30-Jun-90,0.789,Jun-90,57.2
Jul-90,0.0693,31-Jul-90,0.7901,Jul-90,57.6
Aug-90,0.0717,31-Aug-90,0.8162,Aug-90,57.5
Sep-90,0.074,30-Sep-90,0.8265,Sep-90,57.8
Oct-90,0.0762,31-Oct-90,0.7847,Oct-90,58.4
Nov-90,0.0784,30-Nov-90,0.7745,Nov-90,58.2
Dec-90,0.0812,31-Dec-90,0.7733,Dec-90,57.1
Jan-91,0.0845,31-Jan-91,0.7849,Jan-91,57.4
Feb-91,0.088,28-Feb-91,0.7851,Feb-91,57.5
Mar-91,0.0912,31-Mar-91,0.7752,Mar-91,57.4
Apr-91,0.0938,30-Apr-91,0.7817,Apr-91,58.9
May-91,0.0956,31-May-91,0.7609,May-91,57.9
Jun-91,0.0967,30-Jun-91,0.7681,Jun-91,58.0
Jul-91,0.0974,31-Jul-91,0.7775,Jul-91,57.7
Aug-91,0.0982,31-Aug-91,0.7848,Aug-91,58.1
Sep-91,0.0993,30-Sep-91,0.7995,Sep-91,57.9
Oct-91,0.1007,31-Oct-91,0.7837,Oct-91,58.0
Nov-91,0.102,30-Nov-91,0.7848,Nov-91,57.5
Dec-91,0.1029,31-Dec-91,0.7598,Dec-91,58.3
Jan-92,0.1036,31-Jan-92,0.7498,Jan-92,57.9
Feb-92,0.1042,29-Feb-92,0.7546,Feb-92,57.5
Mar-92,0.1049,31-Mar-92,0.7684,Mar-92,56.9
Apr-92,0.1058,30-Apr-92,0.7593,Apr-92,56.0
May-92,0.1066,31-May-92,0.7589,May-92,56.4
Jun-92,0.1073,30-Jun-92,0.7488,Jun-92,56.4
Jul-92,0.108,31-Jul-92,0.7442,Jul-92,56.6
Aug-92,0.1087,31-Aug-92,0.7134,Aug-92,56.3
Sep-92,0.1092,30-Sep-92,0.714,Sep-92,56.0
Oct-92,0.1097,31-Oct-92,0.6954,Oct-92,56.2
Nov-92,0.1101,30-Nov-92,0.6823,Nov-92,55.3
Dec-92,0.1102,31-Dec-92,0.688,Dec-92,55.2
Jan-93,0.1099,31-Jan-93,0.6786,Jan-93,55.4
Feb-93,0.1094,28-Feb-93,0.6957,Feb-93,55.9
Mar-93,0.1088,31-Mar-93,0.7058,Mar-93,54.7
Apr-93,0.1085,30-Apr-93,0.7116,Apr-93,52.4
May-93,0.1085,31-May-93,0.6769,May-93,51.9
Jun-93,0.1087,30-Jun-93,0.6722,Jun-93,51.1
Jul-93,0.109,31-Jul-93,0.6834,Jul-93,51.3
Aug-93,0.1092,31-Aug-93,0.6708,Aug-93,51.2
Sep-93,0.1092,30-Sep-93,0.6453,Sep-93,50.7
Oct-93,0.1089,31-Oct-93,0.6661,Oct-93,51.1
Nov-93,0.1083,30-Nov-93,0.6586,Nov-93,50.9
Dec-93,0.1073,31-Dec-93,0.6711,Dec-93,51.0
Jan-94,0.106,31-Jan-94,0.7112,Jan-94,51.7
Feb-94,0.1043,28-Feb-94,0.7178,Feb-94,51.3
Mar-94,0.1025,31-Mar-94,0.7008,Mar-94,50.3
Apr-94,0.1007,30-Apr-94,0.7124,Apr-94,49.1
May-94,0.099,31-May-94,0.7361,May-94,48.2
Jun-94,0.0974,30-Jun-94,0.7291,Jun-94,48.2
Jul-94,0.0959,31-Jul-94,0.7393,Jul-94,48.3
Aug-94,0.0945,31-Aug-94,0.7425,Aug-94,48.1
Sep-94,0.0931,30-Sep-94,0.7393,Sep-94,47.9
Oct-94,0.0919,31-Oct-94,0.7422,Oct-94,47.7
Nov-94,0.0907,30-Nov-94,0.7674,Nov-94,47.8
Dec-94,0.0896,31-Dec-94,0.7768,Dec-94,48.3
Jan-95,0.0883,31-Jan-95,0.7583,Jan-95,48.1
Feb-95,0.087,28-Feb-95,0.7395,Feb-95,47.9
Mar-95,0.0858,31-Mar-95,0.728,Mar-95,48.0
Apr-95,0.0847,30-Apr-95,0.7299,Apr-95,49.7
May-95,0.0839,31-May-95,0.7138,May-95,51.1
Jun-95,0.0836,30-Jun-95,0.7086,Jun-95,52.1
Jul-95,0.0837,31-Jul-95,0.7389,Jul-95,52.6
Aug-95,0.0839,31-Aug-95,0.7524,Aug-95,53.1
Sep-95,0.084,30-Sep-95,0.755,Sep-95,54.3
Oct-95,0.0839,31-Oct-95,0.7566,Oct-95,53.6
Nov-95,0.0837,30-Nov-95,0.7469,Nov-95,54.1
Dec-95,0.0837,31-Dec-95,0.745,Dec-95,53.5
Jan-96,0.0837,31-Jan-96,0.7447,Jan-96,54.0
Feb-96,0.0838,29-Feb-96,0.7635,Feb-96,54.2
Mar-96,0.0839,31-Mar-96,0.7793,Mar-96,54.3
Apr-96,0.0841,30-Apr-96,0.7854,Apr-96,55.3
May-96,0.0844,31-May-96,0.7983,May-96,54.9
Jun-96,0.0848,30-Jun-96,0.789,Jun-96,55.8
Jul-96,0.0853,31-Jul-96,0.7731,Jul-96,55.6
Aug-96,0.0857,31-Aug-96,0.7909,Aug-96,55.7
Sep-96,0.0861,30-Sep-96,0.7924,Sep-96,56.0
Oct-96,0.0862,31-Oct-96,0.7919,Oct-96,56.0
Nov-96,0.0862,30-Nov-96,0.8107,Nov-96,55.3
Dec-96,0.0861,31-Dec-96,0.7965,Dec-96,55.5
Jan-97,0.086,31-Jan-97,0.762,Jan-97,54.9
Feb-97,0.086,28-Feb-97,0.7758,Feb-97,54.9
Mar-97,0.0859,31-Mar-97,0.7865,Mar-97,54.6
Apr-97,0.0857,30-Apr-97,0.7811,Apr-97,54.7
May-97,0.0854,31-May-97,0.7613,May-97,54.2
Jun-97,0.0848,30-Jun-97,0.7455,Jun-97,53.8
Jul-97,0.0841,31-Jul-97,0.7452,Jul-97,53.7
Aug-97,0.0831,31-Aug-97,0.7344,Aug-97,53.7
Sep-97,0.082,30-Sep-97,0.7198,Sep-97,53.5
Oct-97,0.0808,31-Oct-97,0.7036,Oct-97,53.5
Nov-97,0.0798,30-Nov-97,0.6803,Nov-97,53.7
Dec-97,0.079,31-Dec-97,0.6527,Dec-97,53.6
Jan-98,0.0783,31-Jan-98,0.6693,Jan-98,53.0
Feb-98,0.0779,28-Feb-98,0.6745,Feb-98,53.2
Mar-98,0.0777,31-Mar-98,0.6634,Mar-98,53.1
Apr-98,0.0778,30-Apr-98,0.6499,Apr-98,52.6
May-98,0.0779,31-May-98,0.6236,May-98,51.9
Jun-98,0.078,30-Jun-98,0.6135,Jun-98,51.0
Jul-98,0.0779,31-Jul-98,0.6113,Jul-98,50.0
Aug-98,0.0773,31-Aug-98,0.5691,Aug-98,49.9
Sep-98,0.0764,30-Sep-98,0.5945,Sep-98,49.4
Oct-98,0.0752,31-Oct-98,0.6263,Oct-98,50.0
Nov-98,0.0738,30-Nov-98,0.6323,Nov-98,49.0
Dec-98,0.0727,31-Dec-98,0.6139,Dec-98,48.2
Jan-99,0.0718,31-Jan-99,0.6286,Jan-99,48.8
Feb-99,0.0709,28-Feb-99,0.6225,Feb-99,48.5
Mar-99,0.0701,31-Mar-99,0.6293,Mar-99,48.1
Apr-99,0.0693,30-Apr-99,0.6598,Apr-99,44.4
May-99,0.0687,31-May-99,0.6491,May-99,43.4
Jun-99,0.0685,30-Jun-99,0.6596,Jun-99,44.0
Jul-99,0.0682,31-Jul-99,0.652,Jul-99,42.7
Aug-99,0.068,31-Aug-99,0.6379,Aug-99,42.7
Sep-99,0.0679,30-Sep-99,0.6536,Sep-99,42.4
Oct-99,0.0676,31-Oct-99,0.6446,Oct-99,42.7
Nov-99,0.0673,30-Nov-99,0.6376,Nov-99,41.8
Dec-99,0.0669,31-Dec-99,0.6538,Dec-99,41.4
Jan-00,0.0664,31-Jan-00,0.6382,Jan-00,41.9
Feb-00,0.0659,29-Feb-00,0.6143,Feb-00,41.9
Mar-00,0.0653,31-Mar-00,0.6055,Mar-00,41.2
Apr-00,0.0642,30-Apr-00,0.5909,Apr-00,41.4
May-00,0.0628,31-May-00,0.5735,May-00,41.5
Jun-00,0.0615,30-Jun-00,0.5986,Jun-00,41.9
Jul-00,0.0606,31-Jul-00,0.5822,Jul-00,41.7
Aug-00,0.0601,31-Aug-00,0.5748,Aug-00,41.7
Sep-00,0.0601,30-Sep-00,0.5433,Sep-00,41.6
Oct-00,0.0605,31-Oct-00,0.5148,Oct-00,41.9
Nov-00,0.0612,30-Nov-00,0.5227,Nov-00,41.6
Dec-00,0.0621,31-Dec-00,0.554,Dec-00,42.1
1-Jan,0.063,31-Jan-01,0.5466,Jan-01,42.4
1-Feb,0.0641,28-Feb-01,0.525,Feb-01,42.1
1-Mar,0.0651,31-Mar-01,0.489,Mar-01,41.7
1-Apr,0.0675,30-Apr-01,0.5088,Apr-01,44.0
1-May,0.0682,31-May-01,0.51,May-01,46.1
1-Jun,0.0688,30-Jun-01,0.5075,Jun-01,47.2
1-Jul,0.0691,31-Jul-01,0.5041,Jul-01,47.8
1-Aug,0.0694,31-Aug-01,0.5342,Aug-01,48.6
1-Sep,0.0697,30-Sep-01,0.4923,Sep-01,49.1
1-Oct,0.0697,31-Oct-01,0.5053,Oct-01,49.4
1-Nov,0.0694,30-Nov-01,0.52,Nov-01,49.6
1-Dec,0.0686,31-Dec-01,0.5106,Dec-01,48.5
2-Jan,0.0675,31-Jan-02,0.5078,Jan-02,48.1
2-Feb,0.0662,28-Feb-02,0.5164,Feb-02,48.0
2-Mar,0.065,31-Mar-02,0.5316,Mar-02,48.5
2-Apr,0.0641,30-Apr-02,0.5397,Apr-02,48.4
2-May,0.0636,31-May-02,0.5674,May-02,48.3
2-Jun,0.0633,30-Jun-02,0.5648,Jun-02,48.0
2-Jul,0.0631,31-Jul-02,0.5478,Jul-02,47.3
2-Aug,0.0629,31-Aug-02,0.5532,Aug-02,47.6
2-Sep,0.0625,30-Sep-02,0.5435,Sep-02,47.0
2-Oct,0.0621,31-Oct-02,0.5534,Oct-02,46.3
2-Nov,0.0616,30-Nov-02,0.5608,Nov-02,47.3
2-Dec,0.0611,31-Dec-02,0.5662,Dec-02,46.8
3-Jan,0.0608,31-Jan-03,0.5884,Jan-03,46.7
3-Feb,0.0606,28-Feb-03,0.6054,Feb-03,46.8
3-Mar,0.0606,31-Mar-03,0.6036,Mar-03,46.1
3-Apr,0.0606,30-Apr-03,0.623,Apr-03,46.4
3-May,0.0605,31-May-03,0.6522,May-03,46.2
3-Jun,0.0603,30-Jun-03,0.6674,Jun-03,47.1
3-Jul,0.0598,31-Jul-03,0.6529,Jul-03,46.2
3-Aug,0.0591,31-Aug-03,0.64,Aug-03,45.9
3-Sep,0.0583,30-Sep-03,0.6801,Sep-03,46.6
3-Oct,0.0575,31-Oct-03,0.7046,Oct-03,46.8
3-Nov,0.0569,30-Nov-03,0.7206,Nov-03,46.6
3-Dec,0.0563,31-Dec-03,0.75,Dec-03,46.8
4-Jan,0.0558,31-Jan-04,0.7644,Jan-04,47.6
4-Feb,0.0553,29-Feb-04,0.7708,Feb-04,49.1
4-Mar,0.0549,31-Mar-04,0.7589,Mar-04,51.4
4-Apr,0.0547,30-Apr-04,0.722,Apr-04,56.6
4-May,0.0547,31-May-04,0.7143,May-04,61.2
4-Jun,0.0547,30-Jun-04,0.6889,Jun-04,61.6
4-Jul,0.0545,31-Jul-04,0.6986,Jul-04,62.8
4-Aug,0.0541,31-Aug-04,0.7011,Aug-04,64.6
4-Sep,0.0533,30-Sep-04,0.7147,Sep-04,63.9
4-Oct,0.0524,31-Oct-04,0.7461,Oct-04,66.7
4-Nov,0.0516,30-Nov-04,0.7775,Nov-04,68.5
4-Dec,0.051,31-Dec-04,0.779,Dec-04,68.6
5-Jan,0.0509,31-Jan-05,0.7744,Jan-05,69.6
5-Feb,0.0509,28-Feb-05,0.7905,Feb-05,70.8
5-Mar,0.051,31-Mar-05,0.7719,Mar-05,71.6
5-Apr,0.0508,30-Apr-05,0.7811,Apr-05,96.2
5-May,0.0505,31-May-05,0.7557,May-05,100.5
5-Jun,0.0501,30-Jun-05,0.7637,Jun-05,105.4
5-Jul,0.0497,31-Jul-05,0.7595,Jul-05,108.7
5-Aug,0.0495,31-Aug-05,0.7471,Aug-05,109.0
5-Sep,0.0496,30-Sep-05,0.7615,Sep-05,108.9
5-Oct,0.0499,31-Oct-05,0.7487,Oct-05,111.6
5-Nov,0.0503,30-Nov-05,0.7389,Nov-05,112.1
5-Dec,0.0506,31-Dec-05,0.7337,Dec-05,111.6
6-Jan,0.0506,31-Jan-06,0.751,Jan-06,109.3
6-Feb,0.0503,28-Feb-06,0.7382,Feb-06,109.4
6-Mar,0.0498,31-Mar-06,0.7159,Mar-06,110.4
6-Apr,0.0491,30-Apr-06,0.7542,Apr-06,108.3
6-May,0.0484,31-May-06,0.7636,May-06,107.4
6-Jun,0.0477,30-Jun-06,0.7433,Jun-06,110.9
6-Jul,0.0471,31-Jul-06,0.7658,Jul-06,108.6
6-Aug,0.0466,31-Aug-06,0.7627,Aug-06,107.8
6-Sep,0.0462,30-Sep-06,0.748,Sep-06,106.8
6-Oct,0.0458,31-Oct-06,0.7692,Oct-06,105.5
6-Nov,0.0457,30-Nov-06,0.785,Nov-06,106.2
6-Dec,0.0456,31-Dec-06,0.7913,Dec-06,106.1
7-Jan,0.0455,31-Jan-07,0.772,Jan-07,105.3
7-Feb,0.0451,28-Feb-07,0.788,Feb-07,106.4
7-Mar,0.0446,31-Mar-07,0.807,Mar-07,106.7
7-Apr,0.044,30-Apr-07,0.8268,Apr-07,106.4
7-May,0.0433,31-May-07,0.8244,May-07,106.1
7-Jun,0.0429,30-Jun-07,0.8487,Jun-07,107.5
7-Jul,0.0427,31-Jul-07,0.8572,Jul-07,106.4
7-Aug,0.0428,31-Aug-07,0.8214,Aug-07,107.3
7-Sep,0.043,30-Sep-07,0.8827,Sep-07,109.4
7-Oct,0.0431,31-Oct-07,0.9216,Oct-07,109.3
7-Nov,0.0429,30-Nov-07,0.8865,Nov-07,113.2
7-Dec,0.0425,31-Dec-07,0.8816,Dec-07,114.8
8-Jan,0.042,31-Jan-08,0.8884,Jan-08,118.9
8-Feb,0.0416,29-Feb-08,0.9466,Feb-08,122.3
8-Mar,0.0415,31-Mar-08,0.918,Mar-08,133.5
8-Apr,0.0416,30-Apr-08,0.9337,Apr-08,170.8
8-May,0.0418,31-May-08,0.9559,May-08,199.6
8-Jun,0.0419,30-Jun-08,0.9626,Jun-08,227.3
8-Jul,0.0419,31-Jul-08,0.9434,Jul-08,248.3
8-Aug,0.0419,31-Aug-08,0.8639,Aug-08,254.4
8-Sep,0.0421,30-Sep-08,0.7996,Sep-08,264.4
8-Oct,0.043,31-Oct-08,0.668,Oct-08,261.5
8-Nov,0.0447,30-Nov-08,0.6572,Nov-08,249.5
8-Dec,0.047,31-Dec-08,0.6928,Dec-08,236.3
9-Jan,0.0497,31-Jan-09,0.6438,Jan-09,226.5
9-Feb,0.0524,28-Feb-09,0.6454,Feb-09,219.0
9-Mar,0.0548,31-Mar-09,0.6873,Mar-09,198.5
9-Apr,0.0565,30-Apr-09,0.7265,Apr-09,173.2
9-May,0.0575,31-May-09,0.7912,May-09,150.9
9-Jun,0.0578,30-Jun-09,0.8114,Jun-09,152.1
9-Jul,0.0576,31-Jul-09,0.8281,Jul-09,149.2
9-Aug,0.0572,31-Aug-09,0.8393,Aug-09,149.0
9-Sep,0.0566,30-Sep-09,0.8801,Sep-09,154.5
9-Oct,0.0559,31-Oct-09,0.9161,Oct-09,152.2
9-Nov,0.0551,30-Nov-09,0.9178,Nov-09,154.7
9-Dec,0.0545,31-Dec-09,0.8969,Dec-09,153.6
10-Jan,0.0541,29-Jan-10,0.8909,Jan-10,160.1
10-Feb,0.0538,26-Feb-10,0.8899,Feb-10,169.0
10-Mar,0.0535,31-Mar-10,0.9159,Mar-10,175.1
10-Apr,0.0532,30-Apr-10,0.93,Apr-10,222.4
10-May,0.0528,31-May-10,0.849,May-10,236.1
10-Jun,0.0523,30-Jun-10,0.8523,Jun-10,242.9
10-Jul,0.0518,30-Jul-10,0.8986,Jul-10,256.3
10-Aug,0.0514,31-Aug-10,0.8918,Aug-10,262.1
10-Sep,0.0511,30-Sep-10,0.9667,Sep-10,265.1
10-Oct,0.0509,29-Oct-10,0.9761,Oct-10,253.6
10-Nov,0.0506,30-Nov-10,0.9618,Nov-10,253.2
10-Dec,0.0502,31-Dec-10,1.0163,Dec-10,259.7
11-Jan,0.0498,31-Jan-11,0.9924,Jan-11,272.4
11-Feb,0.0495,28-Feb-11,1.0163,Feb-11,286.9
11-Mar,0.0494,31-Mar-11,1.0334,Mar-11,295.0
11-Apr,0.0495,29-Apr-11,1.09,Apr-11,316.8
11-May,0.0498,31-May-11,1.0709,May-11,339.8
11-Jun,0.0503,30-Jun-11,1.0739,Jun-11,336.3
11-Jul,0.0509,29-Jul-11,1.0954,Jul-11,333.3
11-Aug,0.0515,31-Aug-11,1.0691,Aug-11,331.7
11-Sep,0.0519,30-Sep-11,0.9781,Sep-11,328.1
11-Oct,0.0521,31-Oct-11,1.0509,Oct-11,313.6
11-Nov,0.052,30-Nov-11,1.0021,Nov-11,285.5
11-Dec,0.0517,30-Dec-11,1.0156,Dec-11,274.9
12-Jan,0.0515,31-Jan-12,1.0637,Jan-12,270.7
12-Feb,0.0513,29-Feb-12,1.0816,Feb-12,268.2
12-Mar,0.0512,30-Mar-12,1.0402,Mar-12,268.9
12-Apr,0.0512,30-Apr-12,1.0453,Apr-12,266.9
12-May,0.0513,31-May-12,0.9727,May-12,262.0
12-Jun,0.0516,29-Jun-12,1.0191,Jun-12,253.9
12-Jul,0.052,31-Jul-12,1.0526,Jul-12,245.5
12-Aug,0.0526,31-Aug-12,1.0301,Aug-12,233.5
12-Sep,0.053,28-Sep-12,1.0464,Sep-12,210.9
12-Oct,0.0533,31-Oct-12,1.0378,Oct-12,203.5
12-Nov,0.0536,30-Nov-12,1.0431,Nov-12,206.6
12-Dec,0.0539,31-Dec-12,1.0384,Dec-12,209.8
13-Jan,0.0543,31-Jan-13,1.0394,Jan-13,229.4
13-Feb,0.0547,28-Feb-13,1.0275,Feb-13,237.6
13-Mar,0.0553,29-Mar-13,1.0426,Mar-13,233.9
13-Apr,0.0559,30-Apr-13,1.0368,Apr-13,234.5
13-May,0.0563,31-May-13,0.9649,May-13,225.4
13-Jun,0.0566,28-Jun-13,0.9275,Jun-13,209.2
13-Jul,0.0569,31-Jul-13,0.9037,Jul-13,207.5
13-Aug,0.0572,30-Aug-13,0.8947,Aug-13,212.3
13-Sep,0.0575,30-Sep-13,0.9309,Sep-13,215.4
13-Oct,0.0579,31-Oct-13,0.949,Oct-13,213.3
13-Nov,0.0582,29-Nov-13,0.9087,Nov-13,213.6
13-Dec,0.0585,31-Dec-13,0.8948,Dec-13,215.1
14-Jan,0.0586,31-Jan-14,0.8763,Jan-14,213.2
14-Feb,0.0587,28-Feb-14,0.8947,Feb-14,207.5
14-Mar,0.0588,31-Mar-14,0.9221,Mar-14,192.4
14-Apr,0.0591,30-Apr-14,0.9287,Apr-14,186.3
14-May,0.0596,30-May-14,0.9319,May-14,174.3
14-Jun,0.0603,30-Jun-14,0.942,Jun-14,162.9
14-Jul,0.0611,31-Jul-14,0.9324,Jul-14,160.3
14-Aug,0.0619,29-Aug-14,0.9349,Aug-14,156.4
14-Sep,0.0623,30-Sep-14,0.8752,Sep-14,148.4
14-Oct,0.0625,31-Oct-14,0.8805,Oct-14,140.8
14-Nov,0.0625,28-Nov-14,0.8491,Nov-14,136.5
14-Dec,0.0624,31-Dec-14,0.8202,Dec-14,133.6
15-Jan,0.0621,30-Jan-15,0.7781,Jan-15,131.2
15-Feb,0.0616,27-Feb-15,0.7792,Feb-15,127.1
15-Mar,0.0612,31-Mar-15,0.7634,Mar-15,120.6
15-Apr,0.061,30-Apr-15,0.7981,Apr-15,110.3
15-May,0.061,29-May-15,0.7663,May-15,114.1
15-Jun,0.0612,30-Jun-15,0.768,Jun-15,115.4
15-Jul,0.0613,31-Jul-15,0.7294,Jul-15,106.3
15-Aug,0.0611,31-Aug-15,0.7149,Aug-15,106.6
15-Sep,0.0607,30-Sep-15,0.701,Sep-15,106.2
15-Oct,0.06,30-Oct-15,0.7099,Oct-15,103.2
15-Nov,0.0592,30-Nov-15,0.7189,Nov-15,95.5
15-Dec,0.0585,31-Dec-15,0.7306,Dec-15,88.3
16-Jan,0.0579,29-Jan-16,0.71,Jan-16,87.7
16-Feb,0.0576,29-Feb-16,0.714,Feb-16,92.3
16-Mar,0.0574,31-Mar-16,0.7657,Mar-16,100.9
16-Apr,0.0572,29-Apr-16,0.7655,Apr-16,106.3
16-May,0.0571,31-May-16,0.7242,May-16,105.5
16-Jun,0.057,30-Jun-16,0.7426,Jun-16,101.1
16-Jul,0.0569,29-Jul-16,0.7522,Jul-16,106.7
16-Aug,0.0568,31-Aug-16,0.7514,Aug-16,113.3
16-Sep,0.0567,30-Sep-16,0.763,Sep-16,117.5
16-Oct,0.0568,31-Oct-16,0.7613,Oct-16,130.5
16-Nov,0.057,30-Nov-16,0.7474,Nov-16,160.5
16-Dec,0.0574,30-Dec-16,0.7236,Dec-16,173.5
17-Jan,0.0579,31-Jan-17,0.7567,Jan-17,178.3
17-Feb,0.0583,28-Feb-17,0.7688,Feb-17,180.0
17-Mar,0.0586,31-Mar-17,0.7644,Mar-17,180.2
